{"padding": 0.02, "leaf": 3.1877877142857147, "chick": 0.36369937500000005, "ship": 262.88218536585373, "bookmark": 0.14183333333333334, "spaghetti": 0.08791249999999999, "central processing unit": 0.00675, "blower": 305.1865052307693, "kick starter": 0.021463636363636365, "pizzeria": 829.6819344827587, "faucet": 0.21185333333333334, "diving suit": 0.41261682242990644, "durham": 11670.69285625, "daffodil": 0.19461176470588235, "steak knife": 0.16086111111111112, "overpass": 81.11111111111111, "grate": 0.2334405405405406, "kangaroo": 3.1384625, "military officer": 3448.576374285714, "rail fence": 1.067040458781362, "wicker basket": 0.26654320987654323, "spoke": 0.05210927787356321, "rug": 1.6176160000000002, "warship": 58.59109867867869, "NaN": null, "dowel": 0.11938903448275862, "rearview mirror": 0.8895, "parachute": 144.4443870967742, "fabric": 1032.2896946511628, "chapel": 4.486484375, "dainty": 0.041407142857142865, "seabird": 147729.4366923077, "sports car": 2.941461611374408, "performer": 0.10093548387096776, "redhead": 0.5802499999999999, "mouse": 0.2603619047619048, "mantis": 0.11134475, "gate": 0.8782760000000001, "vehicle": 2.3892310204081637, "gourd": 1.9937522448979592, "girl": 0.44138750000000004, "knee pad": 0.08204, "bib": 0.2022, "yacht": 84.64382324748041, "mirror": 0.12617556270096467, "transom": 1.6547170731707317, "porch": 2.03728, "machine gun": 177.20359718918917, "impala": 2.570109387755102, "baseball glove": 0.3976413793103449, "campanile": 1930.0543372571426, "pooch": 0.4934899159663865, "kitchen": 1.206650285714286, "trap": 0.366131654676259, "shoulder pad": null, "sunscreen": 1.577, "leader": 2.070910638297873, "leash": 1.4377738461538463, "granny smith": 4.19808695652174, "life buoy": 20.86966168224299, "earflap": 0.473075, "spam": 1.93448, "coverlet": 2.0654600000000003, "bean": 0.622140243902439, "kudu": 1.2666666666666668, "paper": 0.32273289902280133, "wheelchair": 0.2531067961165049, "politician": 1.33548, "jinrikisha": 20007.755833333333, "eyepatch": 0.05977391304347826, "collie": 21747.723678378377, "tanager": 0.17856666666666668, "newspaper": 0.5402991452991454, "location": 3628653.991304348, "hairbrush": 0.07090397727272728, "pocketknife": 0.1100934426229508, "rider": 0.9340216216216217, "sunglasses": 0.09259967213114753, "espresso": 0.011438571428571428, "plaza": 128.6145654961832, "paint": 5.047698125, "wind turbine": 63.301162068965525, "appliance": 0.7285278571428572, "twin": 1.777340292275574, "gravy boat": 0.11532627802690579, "ice tea": 1.0922, "offspring": 0.07500000000000001, "athlete": 1.768377218683652, "toilet": 0.5434383333333334, "walnut": 0.3139377777777778, "candle": 0.08576363636363636, "saguaro": 7.143145301204818, "crayon": 0.07419555555555556, "oil tanker": 291.03683619047615, "male child": 0.5805938738738738, "bunk bed": 1.5969192982456146, "shelf bracket": 0.23395054945054952, "apple": 0.39971373913043473, "diaper": 1.1428, "videodisk": 0.08419655172413792, "air terminal": null, "dust storm": 38237.8509655082, "wagon": 11.249961073825503, "grandchild": null, "candy": 0.20527428571428571, "jumbojet": 10059.153051236748, "breastplate": 0.319973417721519, "outboard motor": 1.773558961038961, "nurse": 0.4957894736842105, "kitchen utensil": 0.15826086956521743, "typewriter": 0.27846666666666664}